yr,mnth,weekday,season,weathersit,temp,atemp,hum,windspeed,casual,registered,cnt
0,6,5,3,1,0.594,0.228,0.449,0.036,47,572,619
1,1,3,4,4,0.891,0.382,0.877,0.409,125,1569,1694
0,9,6,3,3,0.708,0.865,0.408,0.168,238,773,1011
0,1,4,1,3,0.592,0.18,0.201,0.287,6,707,713
0,5,2,3,4,0.847,0.993,0.501,0.257,463,623,1086
1,4,4,3,2,0.646,0.587,0.657,0.257,452,1533,1985
0,12,1,1,4,0.362,0.986,0.583,0.054,271,1852,2123
0,3,0,3,2,0.286,0.945,0.89,0.212,384,1710,2094
0,6,2,1,1,0.237,0.508,0.284,0.226,370,1042,1412
1,2,6,1,1,0.91,0.279,0.643,0.367,36,559,595
0,3,6,4,4,0.739,0.248,0.61,0.42,486,1398,1884
0,5,1,2,4,0.944,0.316,0.425,0.272,210,1385,1595
0,9,1,2,1,0.643,0.739,0.858,0.043,164,1281,1445
0,2,2,3,2,0.526,0.346,0.802,0.118,124,941,1065
1,10,4,3,1,0.154,0.407,0.786,0.082,336,1740,2076
0,8,5,4,4,0.704,0.504,0.901,0.062,191,1410,1601
1,2,6,4,1,0.624,0.922,0.778,0.183,217,1525,1742
1,11,6,4,4,0.991,0.27,0.385,0.115,213,1331,1544
1,5,1,1,4,0.315,0.105,0.764,0.109,61,1507,1568
0,7,3,4,1,0.578,0.154,0.446,0.027,327,1879,2206
1,8,1,4,2,0.686,0.914,0.394,0.009,444,1125,1569
0,1,5,3,3,0.68,0.683,0.258,0.051,380,1688,2068
1,6,4,4,1,0.605,0.346,0.795,0.086,160,1497,1657
1,1,4,1,3,0.799,0.259,0.769,0.215,65,1233,1298
1,2,3,1,1,0.284,0.365,0.388,0.255,285,590,875
1,1,6,3,3,0.753,0.203,0.8,0.07,238,666,904
1,11,1,4,2,0.658,0.947,0.934,0.212,19,1458,1477
1,5,4,4,2,0.906,0.806,0.286,0.171,187,706,893
1,10,5,1,1,0.862,0.516,0.386,0.092,81,1805,1886
1,9,2,4,4,0.384,0.878,0.8,0.003,362,1588,1950
0,6,0,4,3,0.349,0.325,0.42,0.234,201,1015,1216
0,11,0,4,4,0.983,0.745,0.7,0.343,407,1680,2087
1,11,0,2,4,0.575,0.871,0.265,0.113,131,1246,1377
1,1,6,3,4,0.916,0.421,0.562,0.066,36,805,841
1,1,1,2,2,0.247,0.782,0.791,0.444,131,894,1025
0,2,3,3,1,0.679,0.366,0.749,0.138,76,1597,1673
1,9,4,1,1,0.829,0.369,0.852,0.112,88,686,774
0,3,2,4,2,0.953,0.196,0.902,0.429,460,1860,2320
0,1,5,3,2,0.404,0.496,0.819,0.409,401,1122,1523
0,5,2,2,1,0.752,0.757,0.737,0.224,252,1229,1481
0,7,5,4,4,0.585,0.946,0.225,0.245,343,739,1082
0,6,6,1,3,0.155,0.643,0.628,0.109,193,1032,1225
1,12,1,3,3,0.721,0.877,0.23,0.039,175,640,815
1,1,0,3,3,0.721,0.84,0.846,0.287,32,1788,1820
1,5,1,3,4,0.938,0.256,0.457,0.049,57,638,695
1,5,6,4,1,0.548,0.537,0.65,0.225,466,958,1424
1,6,3,2,2,0.307,0.205,0.424,0.47,200,569,769
0,3,3,2,1,0.14,0.714,0.826,0.476,27,884,911
1,5,6,3,4,0.474,0.955,0.909,0.12,34,1129,1163
1,7,5,1,2,0.372,0.223,0.519,0.312,486,697,1183
0,5,4,1,4,0.785,0.76,0.89,0.237,124,704,828
1,5,4,2,3,0.419,0.669,0.414,0.438,393,1067,1460
0,5,5,1,3,0.954,0.625,0.628,0.136,320,1481,1801
1,10,3,2,4,0.966,0.451,0.887,0.002,41,1304,1345
0,10,3,3,2,0.659,0.42,0.461,0.081,84,1358,1442
1,3,3,2,2,0.936,0.141,0.963,0.175,392,1381,1773
1,1,1,2,1,0.785,0.296,0.298,0.158,187,1473,1660
0,5,3,3,3,0.592,0.114,0.215,0.396,110,1139,1249
0,9,2,1,1,0.262,0.623,0.923,0.34,270,1954,2224
0,1,0,2,1,0.513,0.195,0.255,0.15,482,824,1306
0,3,3,2,4,0.605,0.886,0.994,0.229,440,941,1381
0,4,5,3,4,0.878,0.571,0.961,0.048,324,1303,1627
0,1,0,1,1,0.533,0.73,0.31,0.449,104,787,891
0,1,1,2,3,0.908,0.47,0.63,0.468,405,725,1130
0,8,5,3,4,0.707,0.605,0.348,0.49,319,1587,1906
1,2,0,2,1,0.223,0.948,0.543,0.434,40,1466,1506
1,12,5,4,1,0.995,0.174,0.249,0.087,214,1437,1651
0,8,1,3,1,0.575,0.329,0.379,0.023,70,1059,1129
1,7,2,1,1,0.453,0.802,0.491,0.29,55,1213,1268
1,10,1,1,1,0.693,0.189,0.551,0.456,406,997,1403
1,10,1,1,1,0.198,0.168,0.982,0.089,235,1348,1583
1,2,5,1,4,0.673,0.425,0.846,0.004,280,1425,1705
0,6,6,2,3,0.548,0.183,0.79,0.403,474,559,1033
1,6,4,2,1,0.466,0.627,0.63,0.038,104,1920,2024
0,3,3,1,2,0.958,0.304,0.872,0.207,389,756,1145
1,11,3,1,4,0.57,0.906,0.471,0.339,374,1076,1450
1,2,2,1,4,0.297,0.805,0.767,0.118,161,738,899
1,12,2,2,1,0.513,0.73,0.995,0.042,190,537,727
0,1,3,1,4,0.927,0.655,0.452,0.385,8,524,532
1,6,4,1,1,0.258,0.877,0.739,0.315,59,909,968
0,12,3,4,3,0.293,0.301,0.875,0.494,380,960,1340
1,5,6,4,3,0.112,0.886,0.933,0.172,304,1487,1791
0,11,4,1,4,0.113,0.811,0.774,0.031,224,1940,2164
1,9,2,3,4,0.846,0.773,0.427,0.367,306,856,1162
0,1,0,1,2,0.759,0.605,0.461,0.261,187,882,1069
0,7,5,4,4,0.42,0.322,0.217,0.107,69,1681,1750
1,5,6,3,2,0.728,0.481,0.809,0.391,292,1068,1360
0,5,6,3,3,0.456,0.814,0.234,0.102,286,1956,2242
1,2,2,1,3,0.958,0.129,0.892,0.13,481,1571,2052
1,11,2,4,1,0.97,0.804,0.295,0.046,168,1851,2019
1,3,1,4,3,0.454,0.316,0.338,0.2,61,932,993
1,7,6,3,2,0.869,0.23,0.581,0.209,348,1954,2302
1,6,1,1,4,0.796,0.204,0.79,0.257,441,555,996
1,12,1,2,1,0.379,0.125,0.311,0.354,13,1076,1089
1,2,5,2,2,0.309,0.571,0.552,0.453,163,767,930
1,6,1,4,4,0.512,0.296,0.586,0.069,419,568,987
1,2,4,2,1,0.803,0.99,0.37,0.027,244,1401,1645
1,2,3,4,3,0.964,0.617,0.292,0.009,334,1972,2306
1,2,0,4,2,0.787,0.224,0.869,0.072,7,1292,1299
0,11,2,4,4,0.87,0.72,0.602,0.329,153,756,909
0,3,4,2,1,0.643,0.908,0.212,0.364,35,1171,1206
1,2,0,4,1,0.852,0.771,0.842,0.393,47,989,1036
1,4,6,3,3,0.806,0.169,0.985,0.122,84,1245,1329
1,9,6,1,4,0.439,0.906,0.685,0.153,27,548,575
1,6,6,1,3,0.597,0.815,0.603,0.242,195,815,1010
1,1,4,4,3,0.824,0.242,0.903,0.032,445,912,1357
1,8,4,1,4,0.141,0.147,0.962,0.306,207,933,1140
1,12,2,2,4,0.827,0.602,0.804,0.492,469,1525,1994
1,7,3,2,4,0.26,0.24,0.556,0.18,203,1668,1871
0,10,1,1,2,0.563,0.851,0.674,0.376,463,1889,2352
1,3,6,2,4,0.827,0.423,0.761,0.25,306,919,1225
0,1,5,1,1,0.328,0.922,0.355,0.064,103,1343,1446
1,5,3,1,3,0.321,0.609,0.558,0.291,229,1967,2196
1,4,5,1,2,0.462,0.264,0.864,0.15,425,1415,1840
0,10,2,4,4,0.905,0.226,0.724,0.017,100,933,1033
1,8,2,1,2,0.1,0.619,0.529,0.317,28,1142,1170
0,1,2,4,4,0.911,0.786,0.731,0.429,126,556,682
1,10,0,1,2,0.238,0.803,0.295,0.172,337,1463,1800
1,1,5,1,3,0.991,0.348,0.521,0.195,9,1476,1485
0,12,3,1,3,0.959,0.284,0.835,0.446,105,1701,1806
1,4,3,2,1,0.545,0.115,0.376,0.407,166,1816,1982
0,8,4,4,1,0.561,0.711,0.349,0.357,465,545,1010
1,5,4,4,4,0.533,0.169,0.961,0.124,256,1693,1949
0,2,6,1,3,0.672,0.479,0.368,0.455,294,1794,2088
0,6,4,1,2,0.182,0.642,0.409,0.077,276,916,1192
1,5,2,2,2,0.129,0.943,0.976,0.313,64,1347,1411
1,2,3,2,2,0.152,0.381,0.788,0.014,270,638,908
0,11,5,2,1,0.5,0.325,0.76,0.322,387,746,1133
1,11,2,4,2,0.348,0.689,0.882,0.139,187,1671,1858
1,11,0,4,1,0.66,0.657,0.293,0.225,316,729,1045
1,3,4,4,1,0.993,0.399,0.765,0.173,403,1291,1694
0,9,2,1,4,0.448,0.935,0.603,0.086,137,1136,1273
0,7,2,4,2,0.616,0.86,0.863,0.311,342,873,1215
0,7,0,3,2,0.474,0.302,0.607,0.441,104,1603,1707
0,11,1,3,3,0.863,0.315,0.696,0.48,33,1237,1270
0,6,3,2,4,0.912,0.561,0.582,0.096,379,1588,1967
0,8,5,4,3,0.89,0.796,0.583,0.359,109,587,696
0,4,6,3,4,0.977,0.14,0.814,0.332,431,1611,2042
0,8,1,2,2,0.125,0.724,0.703,0.172,32,1212,1244
0,4,4,4,1,0.856,0.683,0.707,0.01,353,1727,2080
1,8,2,1,1,0.777,0.308,0.56,0.345,230,1905,2135
0,9,0,3,1,0.306,0.713,0.625,0.473,316,1100,1416
1,3,0,1,1,0.961,0.946,0.797,0.316,265,1999,2264
1,3,3,4,1,0.233,0.142,0.861,0.218,181,1038,1219
1,11,1,3,3,0.712,0.388,0.757,0.263,339,713,1052
0,2,6,4,4,0.302,0.494,0.939,0.1,64,573,637
0,10,3,1,2,0.488,0.909,0.856,0.375,332,560,892
0,3,2,3,3,0.747,0.966,0.649,0.373,0,1197,1197
0,3,3,1,4,0.607,0.5,0.737,0.073,132,1742,1874
1,5,5,4,1,0.485,0.775,0.941,0.439,79,511,590
0,5,0,4,4,0.394,0.578,0.695,0.135,270,1313,1583
0,2,0,1,4,0.856,0.584,0.86,0.491,240,1938,2178
0,12,4,3,1,0.229,0.35,0.751,0.191,27,531,558
0,10,4,1,1,0.487,0.295,0.642,0.089,222,1683,1905
0,6,6,4,1,0.913,0.359,0.393,0.176,22,1500,1522
1,5,2,1,2,0.861,0.601,0.541,0.22,495,736,1231
0,6,5,4,1,0.461,0.126,0.974,0.035,108,1704,1812
1,1,1,1,2,0.787,0.917,0.726,0.289,106,1057,1163
0,5,3,3,1,0.841,0.241,0.652,0.299,144,1864,2008
1,9,6,3,2,0.9,0.298,0.946,0.369,368,1981,2349
0,12,2,1,4,0.59,0.566,0.669,0.015,353,1603,1956
0,10,4,1,3,0.284,0.739,0.621,0.271,396,1146,1542
1,2,3,3,4,0.33,0.186,0.807,0.026,397,1486,1883
1,1,4,4,4,0.366,0.386,0.77,0.351,138,1319,1457
1,10,3,3,1,0.634,0.972,0.355,0.028,283,972,1255
0,11,1,4,2,0.13,0.336,0.577,0.456,297,611,908
1,9,2,1,3,0.672,0.382,0.578,0.351,479,1815,2294
0,10,3,1,1,0.428,0.853,0.503,0.254,98,882,980
0,9,5,4,1,0.366,0.145,0.614,0.221,316,516,832
1,9,6,1,1,0.892,0.518,0.53,0.065,122,992,1114
1,6,0,4,4,0.514,0.442,0.359,0.145,319,1854,2173
0,8,5,2,2,0.186,0.385,0.53,0.434,286,1425,1711
0,11,5,3,2,0.844,0.357,0.258,0.452,80,1929,2009
1,1,6,2,3,0.143,0.182,0.661,0.0,494,616,1110
1,10,0,4,2,0.754,0.383,0.883,0.297,456,1379,1835
1,4,5,3,2,0.797,0.139,0.78,0.36,9,614,623
0,1,3,4,1,0.417,0.803,0.488,0.309,7,1313,1320
0,8,3,3,1,0.842,0.458,0.27,0.041,404,1143,1547
0,1,3,3,4,0.564,0.5,0.362,0.109,204,1859,2063
0,3,0,3,1,0.517,0.904,0.636,0.125,314,835,1149
0,4,5,3,1,0.141,0.692,0.366,0.416,433,1421,1854
0,8,0,4,1,0.361,0.107,0.635,0.232,196,646,842
1,6,3,3,1,0.938,0.949,0.385,0.243,197,621,818
0,10,6,3,4,0.453,0.313,0.879,0.467,29,580,609
0,12,5,2,1,0.592,0.197,0.518,0.319,478,1184,1662
0,7,5,1,3,0.579,0.791,0.396,0.449,400,1161,1561
1,8,4,1,3,0.631,0.55,0.85,0.228,458,874,1332
0,2,4,2,3,0.155,0.49,0.474,0.075,19,562,581
0,10,1,2,3,0.426,0.325,0.289,0.465,47,1003,1050
1,11,2,4,1,0.751,0.593,0.656,0.229,456,1167,1623
0,8,4,4,3,0.281,0.347,0.665,0.091,129,948,1077
0,3,0,4,1,0.283,0.911,0.772,0.151,292,1951,2243
0,7,4,2,4,0.109,0.294,0.392,0.025,384,1367,1751
0,3,1,2,3,0.494,0.896,0.555,0.234,131,1950,2081
0,7,5,3,2,0.894,0.603,0.426,0.427,355,1944,2299
1,11,1,4,3,0.147,0.846,0.265,0.467,53,1845,1898
1,12,5,4,3,0.272,0.742,0.901,0.466,377,1179,1556
1,2,6,4,1,0.379,0.727,0.783,0.063,280,1689,1969
0,10,6,1,3,0.759,0.392,0.441,0.191,386,960,1346
0,6,5,3,2,0.677,0.311,0.679,0.014,264,958,1222
0,3,2,4,1,0.474,0.29,0.361,0.428,469,1712,2181
1,3,4,4,1,0.783,0.871,0.912,0.179,214,963,1177
0,9,0,4,4,0.649,0.838,0.292,0.316,459,1411,1870
0,7,0,1,4,0.906,0.497,0.203,0.357,457,878,1335
1,5,3,1,3,0.836,0.219,0.602,0.215,289,1525,1814
0,12,5,2,4,0.328,0.444,0.667,0.153,42,863,905
1,10,0,3,4,0.344,0.657,0.663,0.481,73,571,644
1,7,2,2,4,0.213,0.509,0.244,0.482,349,1950,2299
1,9,5,3,1,0.403,0.802,0.451,0.145,277,1137,1414
0,1,2,1,1,1.0,0.998,0.599,0.24,325,1693,2018
0,7,0,4,1,0.465,0.272,0.373,0.486,241,1728,1969
0,6,0,2,4,0.298,0.514,0.898,0.002,129,836,965
0,10,3,4,1,0.786,0.488,0.27,0.206,349,1995,2344
0,12,0,2,4,0.588,0.374,0.59,0.05,193,694,887
0,9,5,1,1,0.235,0.278,0.753,0.255,31,1511,1542
0,1,6,1,1,0.443,0.159,0.409,0.012,105,1152,1257
1,4,5,1,2,0.473,0.898,0.699,0.203,399,1798,2197
0,9,5,2,3,0.778,0.478,0.864,0.11,203,506,709
1,4,3,3,4,0.119,0.547,0.352,0.267,0,1404,1404
0,10,3,2,2,0.342,0.925,0.934,0.498,244,1478,1722
0,3,0,3,1,0.566,0.799,0.643,0.4,71,1065,1136
0,9,1,2,4,0.342,0.217,0.439,0.423,431,1115,1546
1,2,1,2,1,0.666,0.609,0.545,0.318,305,1072,1377
1,4,3,1,3,0.534,0.498,0.45,0.021,396,1098,1494
1,6,0,4,2,0.426,0.817,0.78,0.103,14,1269,1283
1,2,1,4,3,0.954,0.752,0.837,0.463,52,1701,1753
0,8,0,3,2,0.669,0.721,0.866,0.183,427,741,1168
1,8,0,4,1,0.217,0.406,0.989,0.052,7,1726,1733
0,1,0,2,3,0.604,0.824,0.833,0.351,329,1985,2314
0,12,4,2,3,0.803,0.147,0.681,0.15,45,1603,1648
1,3,5,1,1,0.738,0.244,0.471,0.134,324,1940,2264
1,10,0,1,3,0.255,0.402,0.636,0.499,113,1265,1378
1,9,4,4,4,0.975,0.169,0.233,0.429,146,883,1029
1,5,3,3,2,0.504,0.311,0.796,0.204,494,890,1384
1,6,1,4,2,0.243,0.847,0.557,0.49,165,1395,1560
1,4,5,4,2,0.262,0.953,0.216,0.325,378,1187,1565
1,10,6,4,4,0.188,0.374,0.25,0.371,138,1649,1787
1,2,1,4,2,0.823,0.338,0.51,0.016,116,546,662
0,11,5,2,1,0.21,0.352,0.667,0.061,298,1999,2297
1,8,6,3,3,0.213,0.35,0.571,0.317,275,1118,1393
1,11,1,2,4,0.865,0.132,0.695,0.45,403,963,1366
0,6,5,3,2,0.41,0.934,0.584,0.312,276,622,898
1,5,1,1,1,0.128,0.292,0.729,0.067,337,1997,2334
0,9,1,4,3,0.147,0.478,0.375,0.058,312,633,945
0,1,6,2,3,0.228,0.109,0.29,0.422,177,1340,1517
1,5,1,3,4,0.292,0.872,0.677,0.07,329,1348,1677
0,6,1,1,4,0.699,0.758,0.588,0.26,353,1106,1459
0,5,6,1,4,0.242,0.952,0.221,0.019,153,522,675
0,6,3,4,1,0.207,0.803,0.504,0.04,413,1065,1478
0,6,0,3,1,0.788,0.382,0.285,0.336,200,1265,1465
1,7,2,2,4,0.704,0.323,0.625,0.345,365,1464,1829
0,4,4,4,2,0.492,0.728,0.517,0.171,114,734,848
1,11,2,2,3,0.594,0.428,0.691,0.108,158,1495,1653
0,8,2,1,3,0.381,0.61,0.844,0.407,41,1582,1623
0,7,5,2,1,0.534,0.106,0.44,0.109,246,1687,1933
0,9,0,2,3,0.556,0.156,0.97,0.271,67,1325,1392
0,7,5,4,2,0.449,0.582,0.629,0.484,444,715,1159
1,3,0,2,3,0.916,0.609,0.695,0.074,444,1706,2150
1,3,6,4,1,0.114,0.776,0.745,0.47,325,1156,1481
0,8,6,1,1,0.804,0.219,0.733,0.091,333,1434,1767
0,5,0,4,2,0.212,0.562,0.609,0.284,195,1613,1808
1,4,1,4,2,0.818,0.275,0.543,0.189,89,810,899
0,8,3,3,3,0.654,0.184,0.243,0.482,110,1056,1166
0,6,1,2,3,0.859,0.469,0.218,0.137,367,1471,1838
0,2,3,1,1,0.188,0.247,0.486,0.2,358,756,1114
1,4,5,4,2,0.603,0.3,0.467,0.491,144,1032,1176
1,12,3,1,2,0.551,0.386,0.51,0.268,274,551,825
1,11,5,3,2,0.736,0.333,0.311,0.251,178,1861,2039
0,4,6,2,3,0.581,0.179,0.791,0.129,240,1694,1934
0,6,2,4,2,0.587,0.181,0.886,0.351,325,1590,1915
1,6,6,2,1,0.487,0.274,0.951,0.007,318,799,1117
1,1,6,3,1,0.378,0.146,0.594,0.025,476,1171,1647
1,8,2,3,3,0.534,0.664,0.761,0.3,330,1277,1607
1,6,3,1,4,0.207,0.359,0.884,0.171,463,1331,1794
0,3,3,4,3,0.965,0.352,0.535,0.477,413,731,1144
1,9,5,1,4,0.743,0.399,0.448,0.452,152,1474,1626
0,2,1,3,2,0.957,0.697,0.949,0.357,103,1591,1694
1,11,5,2,3,0.304,0.884,0.613,0.409,74,527,601
0,8,1,1,1,0.891,0.783,0.598,0.334,127,1574,1701
1,10,6,1,2,0.828,0.755,0.343,0.063,198,1783,1981
1,3,2,2,1,0.709,0.536,0.287,0.383,153,1090,1243
1,12,6,1,2,0.663,0.724,0.874,0.105,55,1284,1339
1,5,0,2,3,0.385,0.597,0.691,0.162,277,1119,1396
0,6,3,4,4,0.835,0.295,0.461,0.41,344,1085,1429
1,10,1,2,2,0.551,0.288,0.353,0.268,18,1501,1519
0,6,5,4,4,0.164,0.367,0.644,0.43,158,683,841
0,4,2,2,2,0.382,0.92,0.667,0.107,25,1546,1571
0,3,1,3,1,0.942,0.593,0.366,0.304,425,628,1053
0,4,5,3,1,0.866,0.761,0.881,0.042,168,790,958
1,1,3,4,2,0.984,0.412,0.267,0.322,483,1000,1483
0,4,6,4,4,0.665,0.467,0.485,0.381,22,685,707
0,1,3,3,3,0.323,0.213,0.744,0.292,46,978,1024
0,12,4,4,3,0.247,0.254,0.419,0.133,12,991,1003
1,1,0,2,1,0.268,0.845,0.862,0.016,216,1012,1228
1,10,4,2,3,0.118,0.626,0.792,0.06,321,1590,1911
1,6,2,3,1,0.452,0.404,0.831,0.311,193,966,1159
1,5,1,1,3,0.272,0.823,0.295,0.467,143,784,927
0,11,2,2,2,0.47,0.322,0.312,0.103,72,1100,1172
0,4,6,4,1,0.941,0.978,0.429,0.368,155,1940,2095
1,11,5,1,1,0.487,0.41,0.614,0.433,76,1623,1699
0,3,3,1,2,0.89,0.404,0.798,0.26,418,688,1106
0,1,4,2,1,0.645,0.381,0.869,0.335,168,1488,1656
0,6,4,2,3,0.322,0.21,0.763,0.408,460,1389,1849
1,2,6,1,3,0.42,0.2,0.943,0.13,286,887,1173
1,8,4,1,1,0.176,0.683,0.791,0.148,84,740,824
0,10,6,3,3,0.4,0.888,0.445,0.0,415,916,1331
1,5,2,4,4,0.71,0.811,0.412,0.482,181,675,856
1,7,3,3,1,0.165,0.227,0.757,0.459,481,886,1367
1,10,1,2,2,0.285,0.591,0.354,0.382,455,1994,2449
1,12,5,3,4,0.443,0.195,0.274,0.04,314,1352,1666
1,2,1,3,1,0.984,0.141,0.626,0.224,296,1756,2052
0,8,2,3,2,0.806,0.691,0.857,0.051,111,1162,1273
1,2,5,3,3,0.76,0.582,0.281,0.008,449,951,1400
0,4,4,4,2,0.205,0.174,0.834,0.308,229,776,1005
0,1,0,4,4,0.803,0.131,0.849,0.48,95,1752,1847
1,5,2,1,3,0.807,0.991,0.586,0.451,437,1694,2131
0,9,2,2,1,0.641,0.127,0.246,0.348,167,712,879
0,1,3,3,3,0.991,0.5,0.34,0.048,377,1805,2182
0,9,1,1,1,0.393,0.554,0.766,0.137,155,540,695
1,11,2,1,1,0.947,0.206,0.769,0.16,420,1645,2065
1,8,2,1,2,0.923,0.252,0.919,0.382,104,1750,1854
0,6,4,4,2,0.11,0.417,0.666,0.401,192,793,985
1,7,4,3,2,0.505,0.786,0.299,0.193,488,1099,1587
1,3,5,3,4,0.979,0.556,0.297,0.209,329,1790,2119
1,1,6,2,4,0.193,0.674,0.777,0.022,438,1040,1478
1,5,6,3,2,0.593,0.987,0.347,0.145,131,950,1081
0,12,0,3,4,0.981,0.791,0.463,0.226,354,1972,2326
0,12,6,1,3,0.6,0.491,0.59,0.058,381,1584,1965
1,2,3,2,3,0.271,0.502,0.22,0.227,137,1670,1807
1,5,0,3,4,0.624,0.657,0.399,0.427,430,1289,1719
0,8,5,4,4,0.284,0.699,0.526,0.291,330,833,1163
0,11,4,3,3,0.568,0.551,0.424,0.039,269,1390,1659
1,9,6,1,1,0.167,0.68,0.309,0.096,37,1665,1702
0,2,1,4,3,0.645,0.121,0.782,0.237,395,543,938
1,12,4,1,3,0.565,0.487,0.851,0.181,44,643,687
1,3,3,3,4,0.766,0.351,0.406,0.179,400,832,1232
0,3,4,4,3,0.668,0.216,0.82,0.265,463,1497,1960
0,1,3,2,4,0.595,0.19,0.508,0.292,162,1919,2081
1,8,3,2,4,0.721,0.643,0.605,0.398,449,554,1003
1,6,3,4,2,0.23,0.571,0.885,0.17,330,1830,2160
0,12,5,4,3,0.636,0.328,0.8,0.403,252,1369,1621
1,8,3,1,1,0.255,0.524,0.844,0.169,168,1946,2114
0,11,3,4,2,0.933,0.543,0.309,0.028,450,1940,2390
1,9,1,1,4,0.162,0.276,0.256,0.277,284,1296,1580
0,5,0,3,4,0.487,0.687,0.915,0.294,273,824,1097
0,12,2,1,1,0.726,0.803,0.51,0.467,19,579,598
0,3,0,4,4,0.512,0.812,0.43,0.363,238,1554,1792
1,5,3,4,3,0.183,0.642,0.78,0.459,269,1484,1753
1,5,1,3,2,0.598,0.56,0.869,0.454,417,1635,2052
0,5,4,4,4,0.677,0.155,0.89,0.302,432,1057,1489
1,3,1,4,4,0.733,0.359,0.453,0.264,309,1364,1673
0,11,3,2,1,0.436,0.184,0.882,0.279,30,1216,1246
0,10,1,2,3,0.607,0.967,0.233,0.489,313,971,1284
1,4,6,3,4,0.506,0.222,0.24,0.387,103,573,676
1,9,1,1,1,0.705,0.237,0.699,0.053,169,1088,1257
0,10,3,2,4,0.625,0.901,0.25,0.389,185,1910,2095
1,9,5,1,1,0.573,0.95,0.46,0.085,127,1063,1190
1,2,6,4,1,0.325,0.789,0.738,0.224,209,1956,2165
0,8,1,2,3,0.102,0.105,0.47,0.105,413,1935,2348
0,8,2,3,4,0.257,0.101,0.344,0.345,280,966,1246
1,7,2,3,3,0.205,0.44,0.425,0.439,446,1098,1544
0,8,1,3,1,0.504,0.229,0.566,0.145,252,1491,1743
0,3,5,2,2,0.651,0.117,0.58,0.041,18,1236,1254
1,6,4,1,4,0.292,0.518,0.826,0.149,199,1493,1692
0,1,3,4,2,0.945,0.949,0.8,0.336,219,747,966
0,7,2,1,4,0.106,0.391,0.565,0.164,135,1643,1778
1,1,4,1,3,0.795,0.695,0.877,0.139,222,566,788
1,9,1,4,3,0.663,0.687,0.291,0.092,2,1072,1074
0,1,4,4,3,0.436,0.326,0.404,0.249,450,1850,2300
0,1,6,2,3,0.145,0.685,0.862,0.138,235,1202,1437
1,7,0,2,3,0.665,0.291,0.502,0.366,341,969,1310
1,2,2,2,2,0.447,0.21,0.985,0.038,464,992,1456
1,5,1,2,3,0.943,0.731,0.573,0.332,227,1162,1389
1,8,3,2,1,0.588,0.202,0.834,0.119,400,785,1185
0,8,5,4,1,0.946,0.997,0.522,0.245,141,811,952
1,3,6,1,2,0.298,0.265,0.54,0.143,498,808,1306
1,7,1,2,4,0.753,0.635,0.506,0.361,8,1274,1282
0,3,3,2,1,0.656,0.47,0.775,0.473,189,1620,1809
1,6,5,1,4,0.765,0.214,0.638,0.459,349,1464,1813
0,6,5,2,2,0.293,0.125,0.955,0.292,404,1636,2040
1,3,1,1,4,0.698,0.66,0.401,0.231,459,955,1414
1,7,6,1,4,0.548,0.826,0.28,0.409,164,1986,2150
1,3,4,4,4,0.769,0.858,0.515,0.342,479,631,1110
0,8,4,3,4,0.394,0.534,0.693,0.092,138,1429,1567
0,10,5,4,2,0.901,0.8,0.889,0.41,275,1464,1739
1,4,4,3,1,0.176,0.706,0.477,0.214,290,1428,1718
0,1,0,3,3,0.826,0.752,0.723,0.094,52,620,672
0,4,5,3,4,0.875,0.543,0.48,0.141,174,1720,1894
0,7,5,2,1,0.836,0.67,0.694,0.134,109,1133,1242
0,11,3,4,1,0.561,0.825,0.908,0.26,202,1396,1598
0,4,4,3,2,0.495,0.458,0.385,0.117,435,1271,1706
0,6,6,1,1,0.997,0.825,0.523,0.062,135,1562,1697
1,9,5,2,2,0.306,0.633,0.995,0.062,3,1065,1068
1,1,6,4,4,0.592,0.249,0.895,0.292,154,1011,1165
0,5,0,3,4,0.704,0.122,0.652,0.367,171,1997,2168
1,11,3,1,3,0.731,0.426,0.613,0.161,423,1684,2107
1,7,1,4,3,0.284,0.592,0.428,0.017,357,788,1145
1,1,6,4,3,0.689,0.856,0.614,0.064,46,699,745
1,4,5,2,1,0.837,0.215,0.879,0.457,93,1027,1120
0,6,0,4,4,0.145,0.82,0.748,0.247,427,1416,1843
1,2,2,2,2,0.92,0.877,0.432,0.227,47,1771,1818
1,10,0,3,3,0.127,0.236,0.361,0.019,239,1906,2145
0,5,0,2,2,0.42,0.866,0.412,0.364,346,1741,2087
0,11,3,1,2,0.114,0.992,0.336,0.264,212,1610,1822
1,10,1,2,3,0.169,0.754,0.277,0.101,435,1605,2040
1,1,2,1,4,0.92,0.806,0.535,0.055,339,1585,1924
1,6,4,2,3,0.419,0.995,0.291,0.192,323,1298,1621
1,6,4,4,2,0.482,0.645,0.338,0.419,138,1565,1703
1,4,6,3,3,0.294,0.377,0.638,0.433,204,511,715
1,8,0,1,2,0.637,0.854,0.332,0.301,380,1332,1712
0,4,3,2,2,0.635,0.653,0.251,0.364,72,1340,1412
1,8,3,2,3,0.435,0.623,0.454,0.058,3,1142,1145
1,8,4,2,1,0.4,0.328,0.376,0.294,75,1638,1713
0,5,6,4,3,0.896,0.781,0.612,0.333,328,1741,2069
0,4,6,4,1,0.445,0.174,0.282,0.1,76,605,681
0,12,6,1,2,0.544,0.932,0.801,0.44,303,1190,1493
0,2,2,1,2,0.355,0.393,0.925,0.097,255,1027,1282
1,11,1,4,1,0.808,0.215,0.795,0.157,409,1995,2404
1,3,2,1,2,0.458,0.498,0.626,0.31,101,1345,1446
1,3,5,3,1,0.562,0.138,0.889,0.319,105,1392,1497
1,4,5,3,1,0.328,0.716,0.756,0.35,332,886,1218
1,4,1,4,2,0.989,0.912,0.208,0.056,38,1749,1787
1,10,4,1,4,0.362,0.854,0.515,0.425,475,980,1455
0,11,1,2,1,0.794,0.215,0.881,0.266,313,907,1220
1,11,3,3,3,0.485,0.214,0.477,0.236,274,1980,2254
0,5,5,4,3,0.286,0.832,0.228,0.491,87,1397,1484
0,4,0,1,2,0.82,0.932,0.797,0.37,210,1210,1420
1,11,0,4,4,0.4,0.515,0.842,0.059,368,1138,1506
0,10,4,2,2,0.879,0.549,0.328,0.378,76,1544,1620
1,8,3,3,4,0.924,0.386,0.63,0.048,76,1314,1390
0,6,2,4,1,0.874,0.905,0.354,0.014,441,1417,1858
1,6,3,4,1,0.132,0.68,0.775,0.202,27,702,729
0,8,0,4,1,0.809,0.359,0.417,0.497,244,916,1160
1,7,0,2,1,0.47,0.369,0.453,0.087,65,915,980
1,10,5,4,3,0.886,0.902,0.876,0.336,265,1971,2236
1,11,3,2,3,0.674,0.112,0.581,0.087,381,584,965
1,12,3,2,2,0.85,0.39,0.736,0.362,469,666,1135
1,10,0,2,4,0.549,0.599,0.522,0.253,204,883,1087
0,8,2,3,1,0.582,0.233,0.438,0.34,57,967,1024
0,2,4,3,1,0.23,0.183,0.7,0.101,200,1595,1795
0,9,6,4,4,0.806,0.834,0.324,0.373,224,1309,1533
1,1,4,4,4,0.477,0.905,0.498,0.498,141,1496,1637
0,8,3,3,2,0.55,0.841,0.367,0.333,380,972,1352
1,12,4,1,4,0.807,0.909,0.757,0.247,367,1492,1859
1,11,0,3,1,0.639,0.598,0.955,0.462,83,1781,1864
0,12,0,2,1,0.281,0.831,0.996,0.008,142,774,916
0,12,3,3,1,0.631,0.446,0.56,0.365,351,1543,1894
1,4,3,2,1,0.467,0.7,0.402,0.444,32,989,1021
0,4,6,4,1,0.523,0.99,0.554,0.031,400,825,1225
1,5,6,1,2,0.125,0.303,0.878,0.225,151,1028,1179
1,8,5,4,1,0.289,0.451,0.365,0.102,157,1391,1548
1,5,3,2,2,0.353,0.532,0.962,0.283,445,588,1033
1,8,2,2,1,0.742,0.224,0.473,0.325,140,985,1125
1,10,4,2,3,0.11,0.173,0.989,0.151,445,1207,1652
0,1,3,1,3,0.468,0.847,0.871,0.23,250,849,1099
0,12,1,3,3,0.932,0.979,0.847,0.14,302,1607,1909
1,10,5,4,3,0.201,0.464,0.454,0.185,111,886,997
1,9,1,4,2,0.565,0.179,0.207,0.08,143,586,729
0,6,0,3,2,0.808,0.159,0.506,0.443,449,806,1255
0,3,6,4,4,0.948,0.902,0.441,0.005,208,1677,1885
1,8,4,1,1,0.772,0.517,0.23,0.441,223,939,1162
0,9,3,4,3,0.749,0.388,0.604,0.286,42,1239,1281
1,6,1,2,2,0.844,0.529,0.522,0.166,263,763,1026
0,11,4,3,1,0.502,0.386,0.708,0.362,243,1476,1719
1,7,0,1,1,0.825,0.54,0.697,0.254,2,1234,1236
0,1,6,3,2,0.107,0.874,0.297,0.25,124,920,1044
1,5,2,1,3,0.932,0.633,0.982,0.055,267,992,1259
0,5,5,2,4,0.499,0.725,0.35,0.195,83,1132,1215
0,10,4,3,1,0.598,0.428,0.556,0.121,15,1492,1507
1,4,4,4,4,0.329,0.765,0.59,0.008,333,910,1243
0,6,2,1,3,0.768,0.7,0.85,0.18,463,672,1135
1,7,4,3,3,0.169,0.208,0.279,0.045,58,503,561
0,9,0,4,4,0.885,0.615,0.543,0.128,176,1353,1529
1,1,0,3,3,0.845,0.331,0.703,0.046,62,1485,1547
0,6,2,3,1,0.294,0.824,0.372,0.05,445,1995,2440
1,7,5,3,4,0.828,0.483,0.702,0.1,490,1633,2123
0,3,3,1,3,0.808,0.995,0.939,0.5,48,1560,1608
1,8,1,4,4,0.669,0.183,0.998,0.001,306,1082,1388
0,5,3,2,1,0.436,0.802,0.226,0.319,245,1554,1799
1,9,4,1,3,0.344,0.706,0.388,0.071,288,880,1168
1,5,1,1,1,0.309,0.791,0.448,0.46,285,1791,2076
1,9,2,1,3,0.387,0.377,0.519,0.047,442,1534,1976
0,10,2,2,2,0.913,0.543,0.394,0.478,331,843,1174
1,4,5,4,3,0.17,0.817,0.363,0.305,14,665,679
0,9,1,4,4,0.846,0.309,0.964,0.001,337,1199,1536
1,5,0,4,3,0.414,0.303,0.935,0.447,254,841,1095
0,10,1,3,1,0.569,0.596,0.238,0.261,91,1542,1633
1,9,4,3,1,0.815,0.571,0.471,0.131,278,1479,1757
0,3,0,3,3,0.896,0.354,0.524,0.384,205,1707,1912
0,4,6,2,4,0.41,0.368,0.391,0.463,93,1044,1137
1,9,6,3,2,0.516,0.35,0.703,0.242,224,1533,1757
0,10,6,2,4,0.473,0.794,0.712,0.158,300,691,991
0,11,2,4,2,0.112,0.687,0.88,0.394,317,819,1136
1,6,1,3,1,0.366,0.849,0.793,0.341,462,1079,1541
0,2,6,3,4,0.513,0.978,0.634,0.444,198,974,1172
0,7,3,1,2,0.47,0.527,0.723,0.346,270,1136,1406
0,2,5,2,3,0.75,0.16,0.419,0.122,499,926,1425
1,11,3,4,1,0.446,0.143,0.674,0.466,233,1582,1815
0,2,6,1,3,0.54,0.366,0.591,0.052,45,1959,2004
1,11,5,1,1,0.487,0.939,0.307,0.134,63,596,659
0,1,4,4,4,0.767,0.571,0.394,0.26,229,995,1224
0,11,3,1,4,0.877,0.345,0.433,0.283,429,1160,1589
0,11,1,2,1,0.579,0.459,0.939,0.008,439,1801,2240
1,12,1,2,1,0.81,0.639,0.384,0.39,248,1788,2036
0,11,3,3,1,0.367,0.688,0.431,0.181,245,508,753
0,3,6,1,4,0.587,0.239,0.495,0.203,427,956,1383
1,6,1,3,2,0.411,0.979,0.731,0.405,74,772,846
0,8,4,1,3,0.473,0.59,0.295,0.19,156,1439,1595
1,9,0,2,3,0.759,0.222,0.963,0.024,222,1531,1753
1,7,6,2,4,0.893,0.904,0.892,0.088,189,707,896
0,4,4,2,3,0.209,0.167,0.662,0.478,472,1646,2118
1,6,5,1,1,0.671,0.917,0.739,0.035,51,1556,1607
0,5,4,2,2,0.624,0.997,0.213,0.177,437,703,1140
1,8,6,1,3,0.207,0.73,0.471,0.252,87,1017,1104
1,1,5,3,2,0.291,0.793,0.837,0.247,312,1016,1328
0,1,6,1,1,0.38,0.404,0.262,0.002,338,942,1280
1,11,1,3,3,0.25,0.947,0.426,0.251,65,1188,1253
1,6,0,1,4,0.319,0.577,0.668,0.192,149,1349,1498
1,10,6,3,2,0.341,0.759,0.405,0.486,19,1332,1351
1,12,6,2,1,0.402,0.932,0.947,0.08,32,838,870
1,2,1,3,2,0.774,0.978,0.305,0.177,327,1961,2288
0,5,2,2,3,0.615,0.85,0.838,0.21,280,1968,2248
1,1,1,2,3,0.988,0.373,0.606,0.195,45,1659,1704
0,7,5,3,4,0.473,0.97,0.8,0.333,72,886,958
1,1,1,1,1,0.778,0.665,0.449,0.108,353,1548,1901
0,4,1,1,1,0.884,0.938,0.612,0.111,312,1005,1317
0,9,0,4,4,0.711,0.708,0.885,0.365,342,1848,2190
1,1,1,1,4,0.471,0.377,0.574,0.25,132,1179,1311
1,4,6,4,1,0.778,0.433,0.488,0.208,54,1861,1915
1,6,0,1,2,0.283,0.595,0.629,0.085,60,1189,1249
0,6,3,1,2,0.395,0.811,0.774,0.094,344,1384,1728
1,12,2,2,4,0.592,0.386,0.555,0.005,7,1618,1625
0,8,0,4,2,0.618,0.622,0.951,0.046,271,1122,1393
0,1,5,1,1,0.12,0.411,0.436,0.278,245,1669,1914
0,7,3,4,3,0.951,0.834,0.58,0.446,175,1392,1567
1,1,0,2,3,0.727,0.52,0.806,0.144,492,1452,1944
1,7,0,2,2,0.546,0.169,0.751,0.164,115,1754,1869
0,3,2,4,4,0.94,0.249,0.891,0.058,316,1283,1599
0,11,6,2,4,0.495,0.155,0.997,0.194,270,994,1264
1,8,5,3,4,0.982,0.549,0.541,0.019,192,1561,1753
0,3,4,3,4,0.561,0.196,0.289,0.459,149,1948,2097
1,1,4,2,4,0.203,0.203,0.224,0.337,130,1246,1376
0,8,0,3,2,0.788,0.947,0.782,0.495,101,936,1037
1,3,1,1,3,0.711,0.885,0.899,0.441,309,1891,2200
0,2,5,4,3,0.796,0.507,0.377,0.236,269,844,1113
1,1,3,1,2,0.956,0.987,0.327,0.26,291,1683,1974
0,3,1,4,4,0.799,0.1,0.25,0.095,209,1049,1258
1,2,1,2,2,0.65,0.653,0.858,0.231,494,1319,1813
1,2,5,1,3,0.872,0.655,0.449,0.452,360,1040,1400
0,6,6,2,1,0.706,0.512,0.521,0.025,337,643,980
0,12,0,2,2,0.467,0.457,0.602,0.432,66,1087,1153
1,1,0,4,4,0.897,0.51,0.872,0.17,9,1156,1165
0,2,0,4,3,0.3,0.473,0.721,0.45,48,844,892
1,6,0,4,3,0.743,0.757,0.692,0.47,486,1792,2278
0,3,4,1,3,0.893,0.222,0.341,0.335,110,1195,1305
1,4,0,3,3,0.758,0.278,0.611,0.332,320,767,1087
1,1,4,4,4,0.728,0.262,0.772,0.226,218,668,886
1,8,4,4,1,0.777,0.336,0.979,0.418,56,532,588
1,7,6,1,3,0.519,0.573,0.361,0.481,282,876,1158
1,7,0,4,2,0.887,0.2,0.208,0.388,458,1737,2195
1,3,2,1,1,0.283,0.881,0.26,0.311,112,1963,2075
0,10,3,2,3,0.215,0.368,0.501,0.303,132,892,1024
0,10,1,4,1,0.357,0.246,0.856,0.425,70,988,1058
0,3,4,4,2,0.578,0.708,0.206,0.271,82,1221,1303
1,2,5,2,3,0.56,0.134,0.565,0.402,56,1445,1501
1,12,5,2,2,0.839,0.658,0.463,0.254,375,1552,1927
1,1,3,2,4,0.464,0.728,0.242,0.031,348,538,886
1,7,5,4,3,0.536,0.293,0.56,0.192,270,1696,1966
0,7,2,3,3,0.112,0.138,0.404,0.222,482,1540,2022
0,12,5,3,3,0.469,0.427,0.482,0.071,110,1579,1689
1,2,1,3,3,0.683,0.189,0.764,0.051,356,725,1081
0,7,1,4,4,0.114,0.205,0.617,0.268,374,566,940
0,8,4,2,3,0.353,0.329,0.3,0.043,75,1720,1795
1,1,0,4,1,0.287,0.366,0.969,0.151,157,1334,1491
0,9,6,2,3,0.138,0.577,0.709,0.372,19,1546,1565
1,7,2,4,4,0.531,0.711,0.813,0.482,420,1498,1918
0,3,4,4,3,0.264,0.633,0.263,0.359,130,736,866
1,8,2,2,1,0.769,0.234,0.238,0.496,328,1456,1784
1,7,0,3,4,0.863,0.255,0.216,0.349,121,1418,1539
1,11,5,2,4,0.591,0.891,0.351,0.147,40,1661,1701
1,8,5,1,1,0.984,0.603,0.532,0.336,166,972,1138
0,6,6,1,1,0.505,0.883,0.949,0.351,409,1052,1461
1,9,0,2,1,0.562,0.434,0.566,0.186,129,1194,1323
1,5,4,4,1,0.99,0.653,0.432,0.009,22,1752,1774
1,3,6,1,1,0.308,0.571,0.65,0.352,278,816,1094
0,3,0,1,4,0.948,0.387,0.29,0.011,250,1097,1347
1,1,3,4,4,0.139,0.523,0.688,0.316,468,1267,1735
0,12,1,4,3,0.502,0.552,0.655,0.082,399,1385,1784
1,8,6,3,3,0.163,0.281,0.834,0.283,8,1060,1068
0,2,6,4,2,0.756,0.384,0.989,0.252,12,1724,1736
0,3,4,2,3,0.648,0.812,0.401,0.007,411,757,1168
1,8,2,2,3,0.736,0.924,0.608,0.181,410,1701,2111
0,8,3,3,1,0.437,0.424,0.927,0.301,306,1256,1562
1,11,4,1,1,0.433,0.376,0.828,0.424,319,622,941
1,4,0,1,3,0.141,0.276,0.59,0.444,51,841,892
1,4,0,4,2,0.415,0.711,0.956,0.242,208,1694,1902
0,5,0,2,1,0.936,0.391,0.246,0.364,37,1582,1619
0,6,0,1,3,0.441,0.989,0.945,0.158,99,1988,2087
1,5,2,3,3,0.848,0.393,0.24,0.171,192,759,951
1,7,3,3,4,0.858,0.455,0.638,0.097,401,1896,2297
0,2,5,2,2,0.436,0.643,0.912,0.281,190,594,784
1,7,1,3,4,0.669,0.822,0.41,0.157,50,1648,1698
1,10,2,3,2,0.186,0.523,0.578,0.042,392,540,932
1,7,2,2,1,0.193,0.48,0.459,0.343,140,753,893
0,1,5,4,2,0.144,0.996,0.962,0.354,167,506,673
0,7,5,4,3,0.623,0.109,0.859,0.18,310,1994,2304
0,5,1,3,3,0.483,0.906,0.767,0.038,108,1227,1335
1,3,1,4,2,0.593,0.234,0.67,0.213,206,568,774
1,3,5,4,2,0.569,0.807,0.856,0.221,426,1604,2030
1,4,0,3,2,0.415,0.656,0.514,0.334,299,1041,1340
0,12,2,4,4,0.71,0.408,0.558,0.158,109,1785,1894
1,2,4,3,2,0.783,0.886,0.784,0.341,195,588,783
1,2,1,1,1,0.113,0.112,0.486,0.436,416,1731,2147
1,1,1,2,4,0.287,0.304,0.251,0.119,151,712,863
1,5,5,2,4,0.742,0.61,0.259,0.489,419,1333,1752
0,4,3,4,2,0.448,0.416,0.292,0.193,242,765,1007
0,11,4,4,1,0.696,0.649,0.896,0.134,127,1411,1538
1,10,4,4,4,0.412,0.122,0.578,0.211,104,792,896
0,2,1,2,3,0.452,0.205,0.77,0.047,9,1730,1739
0,3,0,1,4,0.243,0.214,0.514,0.063,355,832,1187
1,7,3,1,2,0.332,0.27,0.407,0.207,147,1600,1747
1,7,4,2,1,0.645,0.513,0.478,0.381,488,1811,2299
0,12,1,1,2,0.49,0.777,0.835,0.45,364,1504,1868
1,4,4,2,3,0.797,0.915,0.7,0.332,363,546,909
0,5,6,1,3,0.867,0.852,0.95,0.053,458,1121,1579
1,5,3,3,3,0.587,0.277,0.744,0.336,139,1723,1862
0,6,3,3,2,0.782,0.497,0.656,0.318,189,926,1115
1,9,6,2,4,0.376,0.279,0.688,0.403,401,709,1110
0,2,2,1,2,0.473,0.338,0.954,0.413,93,1387,1480
0,5,6,4,1,0.741,0.553,0.831,0.434,491,1943,2434
0,12,5,1,4,0.448,0.161,0.219,0.207,495,653,1148
1,3,5,3,3,0.63,0.296,0.627,0.349,228,914,1142
0,4,1,3,2,0.267,0.942,0.751,0.134,62,1876,1938
0,10,3,1,3,0.64,0.52,0.799,0.5,339,1680,2019
1,6,2,1,3,0.875,0.501,0.371,0.088,24,1784,1808
1,12,2,4,1,0.882,0.113,0.894,0.005,267,1600,1867
0,8,4,4,4,0.752,0.323,0.965,0.074,404,1268,1672
0,1,4,1,1,0.771,0.88,0.389,0.388,280,1482,1762
1,10,6,1,1,0.602,0.248,0.906,0.223,10,1654,1664
1,8,2,1,1,0.626,0.474,0.278,0.224,319,1078,1397
1,11,6,1,3,0.22,0.113,0.245,0.478,200,1978,2178
1,7,6,2,1,0.499,0.531,0.303,0.46,125,1239,1364
1,1,4,1,1,0.506,0.119,0.246,0.156,305,662,967
0,2,3,4,4,0.963,0.838,0.876,0.105,189,1538,1727
1,3,6,3,4,0.488,0.842,0.247,0.424,88,1755,1843
0,1,0,2,1,0.594,0.809,0.417,0.453,354,694,1048
0,9,3,1,4,0.58,0.355,0.283,0.271,115,1041,1156
0,8,2,3,4,0.673,0.854,0.436,0.315,351,858,1209
1,2,2,2,1,0.773,0.589,0.272,0.128,176,1349,1525
0,9,6,3,3,0.303,0.436,0.734,0.4,13,1854,1867
0,7,3,1,1,0.576,0.663,0.307,0.316,256,926,1182
1,9,4,1,4,0.843,0.111,0.881,0.252,208,996,1204
0,6,4,4,3,0.517,0.229,0.854,0.03,280,1327,1607
0,6,5,1,2,0.351,0.768,0.211,0.458,442,985,1427
1,11,2,1,3,0.689,0.32,0.917,0.308,327,1972,2299
0,4,1,2,4,0.841,0.638,0.223,0.096,324,1936,2260
0,10,5,4,3,0.157,0.447,0.392,0.303,388,829,1217
0,10,4,2,1,0.799,0.869,0.226,0.339,104,1388,1492
1,2,3,3,2,0.839,0.957,0.469,0.263,482,1490,1972
1,7,4,1,2,0.515,0.895,0.611,0.359,146,1670,1816
1,5,3,3,2,0.985,0.344,0.837,0.291,278,758,1036
0,11,5,2,4,0.808,0.275,0.47,0.474,8,791,799
0,6,2,1,4,0.796,0.527,0.764,0.027,117,642,759
1,2,4,1,2,0.773,0.107,0.35,0.053,93,1246,1339
0,5,6,2,3,0.236,0.123,0.8,0.087,433,1126,1559
0,10,3,2,2,0.296,0.598,0.389,0.345,143,1888,2031
1,4,2,2,3,0.518,0.568,0.315,0.323,288,589,877
1,9,1,2,3,0.338,0.995,0.348,0.446,385,1219,1604
0,6,3,2,4,0.474,0.282,0.346,0.366,13,1687,1700
0,2,5,1,3,0.9,0.332,0.61,0.254,493,980,1473
0,1,1,2,2,0.842,0.202,0.876,0.496,256,583,839
1,5,1,1,4,0.667,0.926,0.264,0.133,345,1600,1945
1,9,0,1,1,0.872,0.8,0.766,0.417,185,1172,1357
1,6,4,2,1,0.805,0.84,0.723,0.213,344,1016,1360
1,10,3,2,4,0.486,0.912,0.898,0.324,399,984,1383
0,12,1,4,2,0.281,0.572,0.395,0.364,206,1281,1487
1,7,0,1,1,0.563,0.506,0.56,0.317,345,603,948
1,5,5,2,1,0.763,0.397,0.941,0.07,430,1975,2405
1,10,2,2,3,0.493,0.63,0.728,0.221,171,838,1009
1,6,6,2,3,0.7,0.509,0.511,0.281,463,1186,1649
1,5,6,4,2,0.185,0.506,0.305,0.425,269,1399,1668
0,11,3,4,4,0.773,0.943,0.41,0.222,220,1106,1326
0,9,1,3,2,0.831,0.986,0.665,0.459,151,722,873
1,6,6,1,4,0.736,0.817,0.775,0.22,110,1532,1642
0,11,4,3,1,0.971,0.781,0.3,0.274,182,1576,1758
1,8,6,2,3,0.844,0.713,0.68,0.398,398,1600,1998
1,2,6,4,2,0.913,0.249,0.64,0.292,338,1002,1340
0,12,6,4,2,0.94,0.153,0.611,0.48,71,1839,1910
0,9,0,3,4,0.821,0.722,0.752,0.33,417,1321,1738
1,5,1,4,4,0.707,0.756,0.87,0.261,385,1123,1508
1,7,4,2,2,0.105,0.142,0.458,0.012,282,664,946
1,10,1,4,4,0.519,0.935,0.911,0.207,73,1802,1875
0,1,3,3,2,0.614,0.182,0.329,0.15,354,1550,1904
1,10,3,2,2,0.374,0.357,0.338,0.374,214,1593,1807
1,5,3,3,2,0.386,0.705,0.413,0.104,496,1741,2237
1,12,5,4,1,0.965,0.253,0.296,0.103,327,1888,2215
0,10,6,3,4,0.903,0.15,0.384,0.095,475,1829,2304
1,2,5,3,3,0.864,0.398,0.285,0.063,22,1647,1669
1,12,0,1,3,0.465,0.789,0.857,0.156,67,518,585
0,6,3,4,4,0.112,0.472,0.311,0.443,397,1780,2177
1,11,4,4,2,0.172,0.688,0.798,0.387,446,1819,2265
1,1,1,3,3,0.381,0.622,0.238,0.368,372,1545,1917
0,3,6,1,3,0.114,0.12,0.959,0.399,361,1488,1849
1,5,2,4,4,0.115,0.99,0.769,0.135,92,949,1041
0,4,4,2,3,0.925,0.137,0.205,0.444,320,1051,1371
0,3,6,3,2,0.736,0.971,0.811,0.069,323,1571,1894
1,10,5,4,4,0.378,0.595,0.611,0.168,383,1194,1577
1,5,5,2,2,0.219,0.967,0.823,0.293,62,1086,1148
1,11,4,4,3,0.56,0.203,0.618,0.051,223,1220,1443
1,8,5,2,3,0.105,0.541,0.713,0.365,224,1706,1930
0,11,3,3,2,0.945,0.253,0.829,0.194,368,1958,2326
1,4,0,4,1,0.473,0.146,0.524,0.392,345,606,951
0,1,1,4,3,0.462,0.656,0.202,0.246,336,1711,2047
1,11,0,1,1,0.452,0.287,0.88,0.09,102,1275,1377
1,7,6,3,3,0.162,0.629,0.505,0.367,214,1609,1823
1,8,1,2,1,0.674,0.201,0.597,0.126,191,1979,2170
0,3,1,4,1,0.76,0.399,0.206,0.245,159,1660,1819
1,6,0,4,1,0.709,0.803,0.594,0.038,371,1397,1768
1,2,4,2,2,0.225,0.493,0.989,0.309,206,835,1041
1,7,1,3,1,0.621,0.665,0.423,0.333,268,1106,1374
1,8,0,1,1,0.613,0.683,0.516,0.189,193,1337,1530
0,6,1,1,1,0.882,0.859,0.75,0.477,379,1992,2371
1,6,2,4,3,0.441,0.392,0.852,0.437,402,1101,1503
0,5,4,2,1,0.434,0.719,0.534,0.354,151,902,1053
0,8,3,4,3,0.657,0.965,0.448,0.357,236,1039,1275
0,1,1,2,1,0.67,0.757,0.95,0.126,87,1595,1682
0,10,2,1,1,0.522,0.541,0.742,0.328,10,523,533
0,4,3,3,2,0.499,0.668,0.295,0.099,186,1123,1309
0,4,3,2,3,0.545,0.766,0.255,0.072,213,1579,1792
1,3,6,1,1,0.875,0.651,0.587,0.5,14,1485,1499
0,3,1,4,3,0.515,0.115,0.376,0.311,265,722,987
0,4,0,2,3,0.946,0.275,0.403,0.215,296,678,974
0,11,1,3,4,0.554,0.829,0.902,0.144,410,1299,1709
1,1,2,4,2,0.954,0.345,0.272,0.302,443,933,1376
1,11,3,4,2,0.85,0.758,0.772,0.025,72,1973,2045
0,11,1,1,2,0.426,0.435,0.417,0.047,51,1292,1343
1,2,0,2,4,0.877,0.57,0.808,0.016,127,1383,1510
0,9,6,4,4,0.199,0.161,0.778,0.25,27,991,1018
0,10,1,3,2,0.933,0.263,0.206,0.3,64,1712,1776
1,2,4,2,4,0.668,0.961,0.607,0.031,16,1309,1325
0,5,6,3,4,0.149,0.901,0.311,0.361,350,1460,1810
1,9,0,4,4,0.68,0.687,0.893,0.115,427,919,1346
1,9,2,3,2,0.977,0.514,0.897,0.343,137,1772,1909
0,8,3,1,2,0.163,0.708,0.535,0.491,318,1148,1466
0,1,1,3,2,0.599,0.657,0.556,0.346,228,1687,1915
1,1,0,2,4,0.773,0.612,0.443,0.442,253,1778,2031
0,9,6,3,2,0.829,0.153,0.773,0.474,476,975,1451
0,11,4,3,4,0.472,0.67,0.487,0.243,209,1940,2149
0,8,0,1,1,0.284,0.792,0.414,0.351,430,669,1099
1,10,5,3,4,0.138,0.995,0.546,0.426,293,1840,2133
1,9,4,3,3,0.622,0.11,0.273,0.178,230,673,903
0,7,6,4,2,0.508,0.757,0.797,0.131,240,969,1209
1,3,2,4,2,0.954,0.615,0.21,0.473,69,844,913
1,3,3,2,3,0.155,0.491,0.716,0.363,103,944,1047
1,2,6,4,4,0.717,0.215,0.346,0.11,203,1541,1744
1,5,2,4,1,0.122,0.468,0.386,0.225,52,1593,1645
1,12,1,4,3,0.254,0.419,0.709,0.398,461,1861,2322
0,12,0,4,3,0.508,0.373,0.994,0.274,427,1127,1554
0,3,5,1,4,0.509,0.758,0.822,0.325,374,1091,1465
0,6,4,4,2,0.717,0.731,0.381,0.377,329,1026,1355
1,2,4,1,4,0.919,0.63,0.341,0.311,53,955,1008
1,12,0,1,3,0.675,0.945,0.893,0.27,275,1792,2067
0,3,5,4,3,0.958,0.415,0.555,0.375,334,1310,1644
1,5,0,3,2,0.893,0.319,0.31,0.364,30,687,717
0,12,1,1,2,0.626,0.69,0.89,0.315,134,1520,1654
0,11,2,3,2,0.85,0.279,0.853,0.18,57,1210,1267
0,11,6,3,4,0.678,0.384,0.987,0.203,104,1028,1132
1,1,4,4,2,0.171,0.302,0.928,0.485,265,933,1198
1,1,1,2,3,0.767,0.162,0.881,0.056,9,787,796
0,10,2,4,3,0.185,0.845,0.242,0.134,495,998,1493
0,9,1,2,1,0.635,0.329,0.284,0.246,252,1964,2216
0,7,5,2,4,0.732,0.526,0.655,0.418,294,802,1096
0,1,4,4,1,0.16,0.139,0.625,0.082,155,586,741
1,12,6,4,3,0.308,0.729,0.566,0.138,157,1329,1486
1,8,0,2,1,0.924,0.398,0.517,0.033,36,937,973
0,3,0,4,3,0.655,0.77,0.545,0.353,118,1040,1158
0,8,2,2,1,0.322,0.471,0.655,0.119,66,1545,1611
1,5,6,3,2,0.722,0.276,0.202,0.194,241,1332,1573
1,1,3,4,1,0.637,0.562,0.409,0.222,298,1296,1594
0,7,5,3,2,0.551,0.217,0.615,0.446,462,1059,1521
0,5,2,1,2,0.979,0.496,0.778,0.206,212,1261,1473
0,6,3,3,4,0.715,0.386,0.339,0.073,307,966,1273
1,6,1,3,2,0.438,0.921,0.638,0.262,100,1624,1724
1,8,5,2,2,0.82,0.155,0.772,0.481,55,1174,1229
1,9,1,3,1,0.896,0.725,0.556,0.304,331,1184,1515
0,2,6,4,3,0.213,0.264,0.222,0.492,323,1664,1987
0,9,4,2,4,0.28,0.387,0.559,0.421,238,637,875
1,12,5,1,2,0.295,0.474,0.437,0.018,392,1077,1469
1,11,3,4,4,0.722,0.917,0.944,0.329,230,1209,1439
0,10,4,1,1,0.643,0.318,0.3,0.143,361,727,1088
1,9,0,3,2,0.657,0.182,0.722,0.28,380,780,1160
1,10,3,4,1,0.947,0.387,0.242,0.14,91,1183,1274
0,10,2,4,4,0.798,0.194,0.557,0.174,278,1327,1605
1,7,0,1,1,0.215,0.216,0.643,0.462,446,930,1376
0,1,0,4,4,0.413,0.616,0.438,0.103,108,1563,1671
0,7,2,4,1,0.492,0.155,0.564,0.437,316,1734,2050
0,10,5,4,4,0.456,0.128,0.331,0.015,167,801,968
0,5,0,3,3,0.702,0.743,0.443,0.045,299,1609,1908
0,6,6,1,1,0.903,0.425,0.697,0.427,469,1920,2389
0,10,3,4,1,0.375,0.213,0.441,0.315,407,1776,2183
0,7,4,2,3,0.597,0.328,0.92,0.374,434,1032,1466
1,5,0,2,3,0.81,0.678,0.703,0.105,441,1268,1709
0,7,3,2,1,0.475,0.348,0.551,0.269,217,1904,2121
0,9,1,2,3,0.251,0.545,0.231,0.369,221,943,1164
1,3,3,3,2,0.527,0.21,0.6,0.314,160,1556,1716
1,8,4,4,4,0.15,0.629,0.812,0.236,15,759,774
1,2,3,1,4,0.948,0.384,0.412,0.48,277,1757,2034
0,11,2,4,4,0.167,0.664,0.845,0.338,496,1831,2327
1,7,4,3,2,0.495,0.828,0.401,0.454,56,1238,1294
0,2,5,2,3,0.577,0.65,0.859,0.365,61,1295,1356
0,4,1,3,3,0.987,0.366,0.268,0.368,497,569,1066
0,7,2,4,1,0.249,0.33,0.893,0.04,362,1977,2339
0,3,5,1,3,0.203,0.395,0.599,0.18,465,1962,2427
1,2,3,3,1,0.108,0.248,0.437,0.429,326,1887,2213
1,11,4,1,2,0.24,0.263,0.412,0.116,241,1482,1723
0,10,1,3,4,0.287,0.812,0.546,0.058,89,980,1069
0,7,2,1,4,0.668,0.446,0.999,0.163,71,1667,1738
0,1,5,1,4,0.298,0.492,0.376,0.11,325,523,848
1,8,5,2,3,0.118,0.635,0.283,0.463,29,1464,1493
0,3,1,1,1,0.844,0.631,0.668,0.434,358,1948,2306
0,12,6,2,1,0.429,0.161,0.591,0.25,406,1245,1651
1,12,3,4,2,0.418,0.848,0.619,0.031,287,1344,1631
1,2,1,4,3,0.372,0.26,0.734,0.357,85,1698,1783
0,3,5,2,2,0.978,0.751,0.414,0.312,233,824,1057
1,5,0,2,1,0.253,0.795,0.929,0.485,234,1871,2105
1,11,2,3,1,0.908,0.743,0.549,0.279,312,1297,1609
0,8,1,3,4,0.799,0.621,0.303,0.168,364,517,881
1,10,6,3,3,0.169,0.113,0.794,0.26,264,543,807
0,7,5,4,1,0.988,0.424,0.714,0.49,286,654,940
1,7,3,3,4,0.344,0.644,0.453,0.348,326,1366,1692
0,12,5,1,3,0.189,0.449,0.697,0.336,392,1421,1813
0,7,3,1,2,0.846,0.877,0.376,0.12,268,1900,2168
0,8,1,3,3,0.736,0.378,0.556,0.372,185,1242,1427
1,1,3,1,3,0.655,0.364,0.92,0.375,130,1925,2055
0,4,4,4,1,0.24,0.339,0.307,0.159,290,724,1014
1,6,4,1,1,0.531,0.4,0.509,0.242,480,716,1196
0,9,4,4,3,0.803,0.602,0.857,0.147,276,530,806
0,2,6,2,1,0.373,0.736,0.976,0.129,319,1582,1901
1,1,6,2,1,0.381,0.696,0.563,0.013,350,1397,1747
0,10,0,2,1,0.103,0.827,0.606,0.143,179,1876,2055
0,12,6,2,4,0.257,0.897,0.658,0.277,289,1434,1723
1,2,1,1,4,0.888,0.834,0.946,0.001,479,944,1423
0,7,5,3,3,0.498,0.117,0.887,0.142,376,1758,2134
0,3,5,1,1,0.986,0.762,0.336,0.441,162,1630,1792
0,10,0,4,4,0.456,0.288,0.549,0.297,270,1714,1984
0,2,6,1,3,0.744,0.22,0.571,0.304,375,1029,1404
1,11,3,1,1,0.354,0.675,0.831,0.202,95,1237,1332
1,7,0,4,2,0.427,0.388,0.682,0.338,261,1373,1634
0,2,3,2,1,0.272,0.151,0.723,0.095,364,1065,1429
1,3,3,2,1,0.412,0.224,0.999,0.409,468,1768,2236
0,11,2,2,4,0.593,0.101,0.26,0.058,352,575,927
1,7,5,3,3,0.993,0.913,0.378,0.328,287,1046,1333
0,4,4,4,3,0.698,0.122,0.526,0.171,435,766,1201
0,1,6,4,4,0.279,0.289,0.478,0.374,82,816,898
0,5,3,1,1,0.14,0.475,0.217,0.275,224,1644,1868
0,12,2,3,2,0.214,0.421,0.273,0.226,411,524,935
0,9,5,2,1,0.606,0.921,0.745,0.085,222,1955,2177
0,8,4,3,1,0.789,0.136,0.903,0.318,468,659,1127
1,12,3,4,2,0.946,0.561,0.611,0.487,117,1095,1212
0,9,3,4,4,0.114,0.712,0.631,0.413,481,1637,2118
1,10,0,1,3,0.57,0.939,0.404,0.03,191,1399,1590
0,9,0,1,4,0.524,0.658,0.814,0.188,78,1001,1079
1,7,5,4,4,0.69,0.823,0.801,0.463,77,1689,1766
1,4,4,2,1,0.604,0.175,0.671,0.252,146,1512,1658
1,5,3,2,3,0.718,0.447,0.37,0.331,106,1202,1308
0,1,5,3,3,0.692,0.437,0.278,0.456,381,1698,2079
0,1,5,4,4,0.205,0.898,0.251,0.437,270,500,770
1,3,1,4,2,0.82,0.236,0.674,0.251,389,1240,1629
0,8,6,2,4,0.211,0.237,0.86,0.219,243,1609,1852
1,2,0,2,2,0.729,0.396,0.887,0.17,72,819,891
0,4,4,4,3,0.475,0.149,0.571,0.36,356,1924,2280
1,2,3,1,4,0.562,0.264,0.827,0.143,467,881,1348
1,5,5,4,1,0.913,0.969,0.958,0.125,353,1841,2194
0,9,3,4,4,0.901,0.485,0.42,0.178,421,1773,2194
1,1,1,2,3,0.836,0.669,0.518,0.089,25,1397,1422
0,5,4,2,1,0.559,0.754,0.945,0.348,209,1216,1425
1,9,5,1,1,0.763,0.43,0.471,0.308,91,1779,1870
1,1,3,1,2,0.562,0.233,0.931,0.241,124,806,930
0,9,0,3,1,0.883,0.286,0.985,0.195,434,1667,2101
0,8,6,4,1,0.462,0.382,0.729,0.455,72,890,962
0,4,1,2,4,0.973,0.672,0.854,0.015,479,1692,2171
1,12,4,1,3,0.939,0.458,0.8,0.385,122,1489,1611
0,11,1,3,2,0.767,0.106,0.76,0.451,308,797,1105
1,10,0,3,4,0.351,0.571,0.446,0.223,183,732,915
1,5,4,2,1,0.218,0.929,0.246,0.275,186,770,956
0,5,1,2,1,0.869,0.831,0.474,0.472,197,1583,1780
0,11,2,3,2,0.249,0.843,0.734,0.106,77,1819,1896
1,12,0,1,3,0.869,0.816,0.282,0.26,347,1990,2337
1,6,0,3,2,0.542,0.391,0.21,0.237,185,1758,1943
0,7,0,4,4,0.466,0.789,0.312,0.129,343,1176,1519
0,8,2,4,2,0.913,0.229,0.773,0.409,252,1205,1457
0,8,2,2,1,0.643,0.692,0.978,0.45,12,733,745
0,11,3,1,4,0.619,0.677,0.986,0.391,298,1891,2189
0,2,5,1,1,0.603,0.123,0.595,0.098,75,1344,1419
1,9,6,4,3,0.434,0.809,0.895,0.043,50,1755,1805
1,7,1,3,1,0.807,0.913,0.789,0.303,274,990,1264
1,4,3,2,1,0.328,0.341,0.601,0.029,148,1002,1150
1,4,1,3,2,0.945,0.831,0.658,0.336,218,1389,1607
0,11,6,3,1,0.905,0.174,0.31,0.265,121,1091,1212
0,8,5,3,4,0.404,0.64,0.95,0.331,210,1245,1455
0,4,2,1,4,0.757,0.537,0.482,0.295,279,1904,2183
1,6,5,4,3,0.616,0.591,0.557,0.211,25,927,952
1,5,2,1,4,0.404,0.934,0.737,0.1,172,1196,1368
0,3,6,4,2,0.99,0.884,0.467,0.153,155,1145,1300
0,10,5,2,3,0.123,0.807,0.403,0.262,237,1231,1468
1,11,3,2,4,0.327,0.346,0.705,0.326,375,1299,1674
1,2,4,3,2,0.568,0.921,0.22,0.39,81,863,944
0,9,3,4,4,0.57,0.188,0.777,0.384,491,701,1192
0,10,1,4,4,0.63,0.868,0.611,0.486,355,1381,1736
1,9,3,4,1,0.777,0.395,0.685,0.143,489,645,1134
0,1,6,3,4,0.661,0.148,0.706,0.036,412,1335,1747
0,10,0,3,4,0.64,0.702,0.622,0.173,272,1138,1410
0,3,1,2,2,0.148,0.308,0.666,0.372,67,1980,2047
1,8,5,1,2,0.439,0.319,0.747,0.219,43,634,677
1,6,1,4,1,0.309,0.375,0.802,0.409,492,1125,1617
1,5,4,4,4,0.339,0.157,0.782,0.275,60,1787,1847
1,5,2,1,1,0.599,0.259,0.896,0.465,122,563,685
1,6,5,4,4,0.28,0.105,0.352,0.474,348,990,1338
1,7,1,3,3,0.365,0.501,0.521,0.035,195,540,735
1,1,5,3,3,0.313,0.176,0.958,0.228,329,1819,2148
0,9,5,4,1,0.954,0.714,0.517,0.305,408,1526,1934
0,3,5,3,1,0.95,0.312,0.3,0.128,478,1412,1890
0,4,2,3,1,0.649,0.949,0.62,0.204,322,1474,1796
0,10,6,4,2,0.932,0.884,0.288,0.339,110,1633,1743
0,1,3,2,2,0.807,0.36,0.362,0.113,257,1744,2001
0,11,5,1,2,0.631,0.805,0.999,0.301,88,1893,1981
0,10,0,3,1,0.106,0.823,0.633,0.349,432,867,1299
1,3,6,2,4,0.795,0.988,0.427,0.045,197,1959,2156
1,2,4,3,3,0.732,0.638,0.996,0.249,281,1417,1698
0,2,2,3,1,0.654,0.174,0.973,0.132,199,1527,1726
0,1,1,1,2,0.784,0.682,0.553,0.362,98,743,841
1,8,2,3,2,0.562,0.662,0.408,0.095,26,1401,1427
0,3,1,1,1,0.734,0.675,0.871,0.446,88,665,753
0,3,2,1,1,0.942,0.376,0.772,0.215,145,1549,1694
1,6,1,1,2,0.438,0.874,0.75,0.099,181,1918,2099
0,8,5,2,4,0.737,0.964,0.914,0.219,256,1997,2253
1,9,3,4,2,0.528,0.296,0.752,0.204,188,1540,1728
0,9,1,2,2,0.707,0.179,0.427,0.214,239,1227,1466
1,4,1,4,1,0.787,0.275,0.755,0.293,358,1615,1973
1,5,0,4,4,0.141,0.838,0.445,0.261,386,982,1368
1,2,1,1,2,0.682,0.709,0.807,0.075,195,1042,1237
0,11,0,3,2,0.304,0.672,0.696,0.033,296,1728,2024
1,9,4,1,3,0.703,0.462,0.262,0.365,164,1430,1594
0,8,5,3,1,0.521,0.62,0.61,0.28,306,899,1205
0,3,0,4,3,0.796,0.377,0.475,0.18,270,1730,2000
0,11,3,1,3,0.211,0.529,0.463,0.404,7,1118,1125
0,12,6,3,2,0.664,0.814,0.682,0.194,37,1669,1706
1,9,5,2,1,0.351,0.983,0.458,0.398,113,1378,1491
1,3,0,3,4,0.868,0.939,0.822,0.153,338,600,938
0,9,5,1,2,0.936,0.94,0.257,0.036,55,1379,1434
0,2,5,2,4,0.997,0.462,0.728,0.466,430,1329,1759
1,12,5,3,4,0.816,0.522,0.847,0.197,473,1764,2237
0,10,4,3,1,0.778,0.735,0.738,0.396,358,1258,1616
1,9,3,3,3,0.294,0.93,0.598,0.14,137,662,799
0,8,2,3,1,0.402,0.228,0.96,0.323,101,1696,1797
0,9,2,3,4,0.519,0.374,0.44,0.437,333,1001,1334
1,5,0,2,2,0.796,0.225,0.215,0.021,176,1046,1222
0,11,5,4,4,0.923,0.651,0.546,0.415,168,1807,1975
1,11,0,2,2,0.27,0.376,0.226,0.286,338,1882,2220
0,2,4,2,2,0.93,0.393,0.963,0.304,285,880,1165
0,8,4,2,1,0.726,0.164,0.368,0.262,260,1369,1629
0,12,1,4,4,0.65,0.415,0.831,0.437,374,1404,1778
1,6,4,1,3,0.28,0.876,0.82,0.022,222,1686,1908
0,8,1,4,4,0.15,0.31,0.374,0.131,198,1501,1699
0,11,3,2,4,0.612,0.726,0.697,0.438,210,1108,1318
0,5,0,3,3,0.686,0.667,0.238,0.376,286,806,1092
0,10,6,3,1,0.29,0.877,0.587,0.009,179,1862,2041
1,2,3,2,4,0.601,0.219,0.212,0.259,249,554,803
1,6,4,3,4,0.871,0.98,0.937,0.265,230,1482,1712
0,5,3,2,2,0.852,0.624,0.981,0.2,471,832,1303
1,12,3,3,4,0.935,0.996,0.378,0.149,481,626,1107
0,12,3,4,3,0.429,0.92,0.366,0.341,22,1204,1226
0,5,4,1,2,0.386,0.299,0.803,0.104,47,742,789
0,1,6,1,1,0.774,0.151,0.403,0.399,108,1099,1207
1,2,5,4,2,0.488,0.33,0.916,0.402,295,1932,2227
1,8,3,4,3,0.179,0.575,0.659,0.208,5,1002,1007
1,3,1,2,3,0.355,0.254,0.481,0.142,37,1103,1140
1,10,4,2,2,0.477,0.251,0.866,0.142,168,802,970
1,3,3,2,1,0.363,0.516,0.595,0.241,355,1987,2342
1,8,6,3,2,0.399,0.13,0.929,0.36,282,734,1016
1,8,5,2,1,0.364,0.21,0.942,0.179,202,1561,1763
1,2,4,4,2,0.137,0.474,0.332,0.305,324,638,962
1,8,2,1,3,0.673,0.157,0.202,0.191,312,694,1006
0,11,5,3,4,0.638,0.457,0.987,0.152,272,1146,1418
1,1,1,2,4,0.688,0.527,0.925,0.012,243,500,743
1,6,3,3,1,0.273,0.506,0.244,0.002,326,1060,1386
1,8,6,3,1,0.366,0.882,0.866,0.114,474,1619,2093
1,3,2,2,1,0.658,0.577,0.566,0.203,46,1212,1258
1,8,6,3,3,0.64,0.521,0.407,0.426,248,912,1160
1,12,2,1,2,0.556,0.47,0.903,0.399,78,1037,1115
1,1,4,4,3,0.415,0.836,0.357,0.134,109,928,1037
1,11,2,4,4,0.922,0.906,0.958,0.122,12,734,746
1,11,1,1,1,0.406,0.868,0.364,0.114,394,848,1242
1,9,1,3,2,0.51,0.706,0.691,0.17,379,895,1274
1,11,0,2,4,0.71,0.224,0.378,0.249,364,1874,2238
0,9,1,3,4,0.589,0.349,0.637,0.219,89,915,1004
0,5,5,1,4,0.412,0.141,0.747,0.109,341,1415,1756
1,10,2,3,3,0.492,0.938,0.352,0.065,347,1574,1921
1,4,1,4,1,0.815,0.695,0.617,0.006,279,580,859
0,11,4,3,4,0.35,0.772,0.575,0.077,220,535,755
